,Filename,Unnamed: 0,job title,years of experience,highest level of education,language skills,key skills,Summary,job title embedding,highest level of education embedding,language skills embedding,key skills embedding,Summary embedding
1,10329506.pdf,1,"Registered Client Service Associate, Relationship Banker II, Private Banker",8.5,Bachelor's degree (year not specified),None mentioned,"Client support, operational services, marketing and sales, financial advising, team management, communication, compliance, Microsoft Word, Excel, Power Point, Access, Adobe PageMaker 6.5, Adobe Photoshop, Dreamweaver, Visio, Unix, Oracle, Developer 2000, cold calling, cross-selling, outside sales, reconciliation, account management.","Experienced Registered Client Service Associate with 8 years of experience in the client support environment and a Bachelor's degree. Skilled in Microsoft Office, Adobe, and various technology platforms. Strong leadership, communication, and team player abilities. Proven track record of maintaining and developing new businesses. Previous experience as a Relationship Banker and Private Banker, with a track record of exceeding sales quotas and increasing branch revenue. Trained new hires and branch staff for success in the company. Fluent in English and proficient in Spanish.
Experienced Technical Writer/ Web Developer with 2 years of experience in creating, editing, and verifying product and service documentation. Holds a B.S. in Computer Information Systems and completed DBA training. Proficient in Dreamweaver, Adobe PageMaker, Adobe Photoshop, and various computer systems. Skilled in cold calling, client meetings, and sales presentations. Fluent in English and knowledgeable in banking and financial investments.
","[-0.02898483 -0.01825964  0.02124929 ... -0.02382333 -0.03292634
 -0.00424986]","[ 0.00710969 -0.02930363  0.01599998 ... -0.02960887 -0.00941176
 -0.03082986]","[-0.00992777 -0.00363211  0.02220969 ... -0.03597135 -0.02086446
 -0.01408452]","[-0.00557799 -0.03260064 -0.01487024 ... -0.02326537 -0.01247352
 -0.00448557]","[-0.02225501 -0.02376877  0.00311384 ... -0.03925167 -0.01763404
 -0.01459323]"
2,10344379.pdf,2,- Administrative support professional,5.0,Not specified,Not specified,- Organizational skills,"This administrative support professional has several years of experience in various roles, including as a customer service advocate and a medical device repair technician. They have a high level of education and strong language skills. Their key skills include logistics and distribution management, production and operations supervision, and excellent communication skills. They are able to work well in both individual and team environments and are detail-oriented and resourceful. They have experience in customer service and technical support, and are able to handle a variety of tasks efficiently.
The candidate is a Production Team Lead with 20+ years of experience and a Post Secondary Training Certificate in Logistics and Supply Chain Management. They are fluent in English and have strong skills in managing employees, problem-solving, and customer service. They also have experience as a Customer Service Representative and in the military as a Communications Specialist. Their key skills include mechanical and hand tool proficiency, blueprint reading, soldering, and wiring.
","[-0.01084872  0.01684059  0.00233109 ... -0.01346191 -0.01599592
  0.00397918]","[-0.01709369 -0.01718552 -0.00749079 ... -0.02539784 -0.01923204
 -0.00610348]","[-0.01709369 -0.01718552 -0.00749079 ... -0.02539784 -0.01923204
 -0.00610348]","[-0.02451155 -0.00988739  0.02261429 ... -0.02114997 -0.01340814
 -0.02712187]","[ 0.00148915  0.00193465 -0.00364033 ... -0.01299503 -0.01685769
  0.00821647]"
3,10395944.pdf,3,Line Service Technician,3.0,Associate of Applied Science in Aviation Pilot Training,None mentioned,"Great People Skills, Microsoft Office, Fueling Aircrafts, Airport Ramp Knowledge, Private Pilot Knowledge","This candidate is a sophomore student at Southwestern Illinois College in the Aviation Pilot Program with a total of 42 flying hours. They have been working towards their Private Pilot Certificate at Ideal Aviation while also working as a Line Service Technician. They have experience with fueling, marshaling, and cleaning aircraft, as well as knowledge of airport ramp operations and aircraft management. They also have experience as a Ramp Agent and Team Member, demonstrating skills in customer service, organization, and time management. They have an Associate of Applied Science in Aviation Pilot Training and plan to transfer to complete a Bachelor's in Aviation Management. They are a 19-year-old with a high school diploma and live in Freeburg, Illinois.
This candidate is a highly skilled Pilot with experience in customer service and leadership. They have a strong background in aviation and are a fast learner. They are proficient in verbal communication and have excellent knowledge of aviation. They are looking to enter the commercial world after completing all of their ratings. They have a high level of education and are fluent in English.
","[-0.01303948 -0.0072365   0.0012974  ... -0.02325328 -0.02423193
  0.0120884 ]","[-0.01313052 -0.01678813  0.02349811 ... -0.01364364 -0.00564428
 -0.00466739]","[-0.00992777 -0.00363211  0.02220969 ... -0.03597135 -0.02086446
 -0.01408452]","[-0.00501088 -0.01291368  0.01521922 ... -0.02188263  0.00265204
  0.0064102 ]","[-1.38567081e-02 -1.71802249e-02  1.34118283e-02 ... -2.07556225e-03
 -1.48903998e-02 -9.13374097e-05]"
4,10428916.pdf,4,Recreation & Sports Coordinator,5.25,"TRX Qualified Instructor, ACSM Exercise Physiologist, Personal Trainer, AHA CPR/AED & First Aid certificates",None mentioned,"Assisting in daily supervision and administration of facility, planning and organizing recreation leagues and events, managing and conducting health and wellness assessments, supervising staff, providing exceptional customer service, budget management, and administrative support.","This candidate is a Recreation & Sports Coordinator with over 8 years of experience in the field. They have a Bachelor's degree and are certified as an ACSM Exercise Physiologist, TRX Qualified Instructor, and Personal Trainer. They are also trained in AHA CPR/AED & First Aid. Their key skills include program planning, event coordination, budget management, and customer service. They have experience supervising staff and managing facilities, as well as conducting health and wellness assessments. They have also served in a leadership role at the Center for Disease Control and Prevention's annual program.
This candidate is a highly qualified Progressive Exercise Specialist with two years of experience. They hold a Bachelor of Science in Kinesiology from East Carolina University and have strong skills in Microsoft Office, budget allocation, and interpersonal communication. They have also demonstrated their dedication and professionalism through their involvement in the Center for Disease Control and Prevention Wellness on Worksite committee. They are a valuable asset to any organization and have the ability to effectively handle various projects and contribute to team growth.
","[-0.01091816 -0.02344488  0.004819   ... -0.0178283  -0.01735913
 -0.00899458]","[-0.0101023  -0.00204861  0.00054735 ... -0.02864417  0.0051174
 -0.0098042 ]","[-0.00992777 -0.00363211  0.02220969 ... -0.03597135 -0.02086446
 -0.01408452]","[ 0.00113777  0.00047762  0.00181722 ... -0.0159401  -0.0099706
 -0.02709431]","[-0.00878614 -0.01230982  0.00600672 ... -0.02805769 -0.01268524
 -0.01782256]"
5,10466583.pdf,5,Floral Designer,6.75,Medical Assistant from Northwestern College,None mentioned,"Customer service, inventory control, employee scheduling, cash handling, floral design, organizing, placing orders, multitasking.","This is a Floral Designer with over 10 years of experience in customer service and floral design. They have a high school diploma and are fluent in English. Key skills include inventory control, employee scheduling, cash handling, and placing orders in person and over the phone. They have experience designing arrangements for weddings and corporate events, as well as maintaining showroom displays. They also have experience as a cashier and manager, with responsibilities including bank deposits and maintaining visually appealing displays.
","[-0.01585895 -0.00889405 -0.00264427 ... -0.00915349  0.00074089
 -0.02014299]","[-0.01986848 -0.00382642  0.02414198 ... -0.02490463  0.00110536
 -0.02790266]","[-0.00992777 -0.00363211  0.02220969 ... -0.03597135 -0.02086446
 -0.01408452]","[-0.02181827 -0.01533811 -0.00274035 ... -0.00966797 -0.00617966
 -0.01527279]","[-0.0142269  -0.0151596  -0.0067522  ... -0.01646012 -0.00205095
 -0.00856504]"
6,10527994.pdf,6,"Substitute Teacher, Maintenance Technician, Sales Associate",4.75,Bachelor of Arts in Business Administration Management,None mentioned,"Outlook, Excel, Word, PowerPoint, QuickBooks, OneNote, teaching, classroom management, communication, customer service, inventory management, maintenance, sales, merchandising, business administration","Experienced Substitute Teacher with over 4 years of experience in education and a Bachelor of Arts in Business Administration Management. Skilled in Microsoft Office programs including Outlook, Excel, Word, PowerPoint, QuickBooks, and OneNote. Fluent in English and able to establish positive relationships with students, parents, and colleagues. Previous experience as a Maintenance Technician and Sales Associate, with strong skills in inventory management, customer service, and maintenance procedures.
","[-0.01089765 -0.01688935 -0.01083063 ... -0.01601808 -0.01935573
  0.01298872]","[-0.01214754 -0.03125668  0.00358977 ... -0.03297464 -0.00097918
 -0.00643275]","[-0.00992777 -0.00363211  0.02220969 ... -0.03597135 -0.02086446
 -0.01408452]","[ 0.00295438 -0.02035241 -0.01367126 ... -0.02602946  0.00871511
 -0.01970875]","[-0.01688619 -0.02009824 -0.02640434 ... -0.03899033  0.00360864
 -0.00715828]"
7,10554236.pdf,7,Financial Accountant,0.66,Bachelor's degree,None mentioned.,"Financial planning, reporting, analysis, critical thinking, accounting operations, ERP software, facilitation, reconciliation, results-oriented.","Experienced Financial Accountant with a Bachelor's degree and proficiency in Enterprise Resource Planning (ERP) software. Skilled in financial planning, reporting, and analysis within the Department of Defense. Accomplishments include identifying and resolving accounting issues and developing automated tools that resulted in significant cost savings. Also recognized for critical contributions to the successful deployment of DEAMS and fiscal year-end close. Previous experience as a Resource Advisor, managing a $4.6M budget and providing financial advice and decision support to the Commander. Fluent in English.
700th CONS to identify and resolve any issues that are identified

This resume outlines the experience of a Staff Accountant with 2 years of experience and a Bachelor's degree. The candidate is fluent in English and has key skills in budget management, financial oversight, and data analysis. They have experience in providing feedback and monitoring systems such as the Defense Travel System and General Accounting and Finance System. They have also taken on additional responsibilities such as assuming the role of Billing Official and completing self-inspections and audits with zero findings. The candidate has also collaborated with other departments to develop automated tools for identifying and resolving financial issues.
This resume outlines the experience of a Chief, Reports Branch with two years of experience in the position. The candidate holds a Bachelor's degree and is proficient in Defense Connect Online. Key skills include problem-solving, partnership with DFAS Denver, and training delivery. The candidate also has experience in managing reports, monitoring errors, and ensuring fund balances are reconciled. They have successfully participated in a reorganization and were responsible for defining missions and functions for AM&C. Additionally, they were the Limestone point of contact for an initiative to eliminate suspense accounts throughout the agency.
Experienced Chief of Accounts Payable with 7 years of experience and a Bachelor's degree. Fluent in English with key skills in financial management, compliance, and process improvement. Successfully reduced reconciliations and transitioned workload, resulting in improved accuracy and efficiency. Managed a team of over 120 employees and collaborated with clients and command executives to address workload spikes and improve customer service. Conducted personnel feedback sessions and prepared performance appraisals.
Experienced Chief of Recon and Reports Branch with 22 years of experience in the financial industry. Holds a Bachelor's degree and is fluent in English and German. Skilled in establishing Employee Performance Plans and resolving system deficiencies using Louis II data retrieval software. Responsible for budget management, responding to inquiries, and participating in video teleconferences and briefings. Supervised 22 employees and coordinated with other organizations to ensure accurate financial data.
This resume highlights the experience of a Chief, Accounts Payable Branch with 4 years of experience and a Bachelor's degree. They are fluent in English and have strong skills in directing subordinates, managing resources, conducting program analyses, and ensuring compliance with applicable laws and policies. They also have experience in personnel management, equal opportunity programs, and safety and health regulations. They have strong communication and leadership skills and have successfully managed workload changes and strengthened partnerships with customers.
The candidate has 2 years of experience as an Accountant with a Bachelor's degree. They have knowledge of Louis II data retrieval software and have prepared budget justifications and controlled supply purchases. They have excellent communication skills and have participated in video teleconferences, conference calls, and briefings. They were hand-selected to provide training to over 400 base level personnel. They also have experience as a Supervisor in an Accounts Control Branch.
Experienced Chief of Accounting with over 20 years of experience in financial reporting and statements. Holds an Associate's degree in Accounting, with a strong understanding of commercial and government accounting principles. Fluent in English and proficient in interpreting and analyzing financial data. Skilled in identifying and resolving problems, attending workshops to contribute to accounting policy changes, and providing technical assistance. Certified in Managerial Accounting, Interested-Based Bargaining Training, Auditing Methods and Concepts, Organizational Leadership, and Management Development.
This resume belongs to a Defense Financial Manager with 15 years of experience and a CDFM certification. They have a degree in accounting and are fluent in English. Their key skills include accounting, general accounting, accounts payable, and program management. They are also a member of the American Society of Military Comptrollers.
","[-0.01047151 -0.02340228  0.00433969 ...  0.00392436  0.00456534
 -0.01453322]","[ 0.01137581 -0.01731293  0.02060643 ... -0.02826601 -0.00859337
 -0.01471347]","[-0.01228933 -0.00414162  0.02143195 ... -0.02866408 -0.01679123
 -0.01535009]","[-0.00517294 -0.01218515 -0.00174667 ... -0.01111224  0.00809789
 -0.02884074]","[-0.01217331 -0.02191866 -0.01593597 ... -0.02346128  0.00499005
 -0.00927586]"
8,10603337.pdf,8,Sales Associate,6.66,High School Diploma,English (assuming since text is in English),"customer service, sales, inventory management, payment processing, production scheduling, fashion coordination, photography, research, tour guiding","This sales associate has 5 years of experience and holds an Associates degree from Borough of Manhattan Community College. They are fluent in photo, credit, and client management and have experience with digital cameras, editing, and fashion. They are skilled in customer service, inventory management, and sales techniques.
","[-0.02751806 -0.00490191  0.01610386 ... -0.0193381  -0.02061833
 -0.00463239]","[-0.02251769  0.01516682  0.00162456 ... -0.02268564  0.00654344
  0.00431169]","[ 0.00954077 -0.0090752  -0.00940962 ... -0.01259643  0.0075736
 -0.01774386]","[-0.00732089 -0.01315898 -0.00326148 ...  0.01063224  0.00019584
 -0.00568848]","[-0.01437638  0.00538951  0.01026325 ... -0.02992795 -0.01195421
 -0.00713596]"
9,10641230.pdf,9,IT Management,5.8,Bachelor's degree,English,"hardware troubleshooting, software management, networking, task automation, server technologies, digital graphic design, client + server side programming, Microsoft Office, Adobe Creative Suite","Experienced IT Management professional with a strong attention to detail and a wide range of skills. With over 8 years of experience in troubleshooting and managing hardware and software, as well as networking, task automation, server technologies, digital graphic design, and programming, including proficiency in Microsoft Office and Adobe Creative Suite. Holds a CompTIA A+ certification, advanced troubleshooting skills, and experience in virus and spyware removal, computer diagnostics and repair, and web development. Skilled in optimizing and performance tuning, website enhancement, and search engine optimization (SEO). Proficient in numerous operating systems, protocols, and programs, and has experience in small business management and information security. Capable of managing multiple projects and priorities, with a strong background in content management
This candidate is an experienced IT professional with a degree in Information Technology and a range of skills including Batch Scripting, troubleshooting medical technology, and programming a cloud storage website. They have 8 years of work experience, including IT management and consulting roles, and are A+ certified. They are also proficient in various programming languages and have experience with website management and social media administration.
","[ 0.00488487 -0.02426141 -0.00754179 ... -0.0062549   0.00810709
 -0.00333029]","[ 0.01137581 -0.01731293  0.02060643 ... -0.02826601 -0.00859337
 -0.01471347]","[ 0.01953975 -0.00426479  0.00223686 ... -0.01855812  0.00528621
 -0.02206015]","[ 0.01010236 -0.01190588 -0.00831881 ... -0.02507621  0.00723403
  0.00250063]","[-0.00482519 -0.00517581  0.00085025 ... -0.02524459  0.0057368
 -0.00601062]"
10,10724818.pdf,10,"Executive Assistant, Sales",5.0,Not specified,Highly versed in linguistics,"Time management, attention to detail, Microsoft Office proficiency, invoice processing, travel administration, scheduling, meeting planning, data organization, multitasking, administration, reporting, planning.","This executive assistant has over 5 years of experience and a Bachelor's degree. They are fluent in multiple languages and have strong skills in time management, attention to detail, Microsoft Office, invoice processing, travel administration, scheduling, and meeting planning. They have successfully implemented process improvements and organized data, and have experience in multitasking and administration tasks. They have also received recognition for cost-saving measures. In their most recent role, they coordinated webinars and managed travel and meeting schedules for executives. They have also worked as a freelance assistant and as an executive assistant for a large territory.
Rachel Lascalla has over 5 years of experience as a Supervisor in logistics and vendor maintenance. She holds a Bachelor's degree in Anthropology with an emphasis in Linguistics from Hunter College. Rachel is skilled in Microsoft Office Suite, calendaring, critical thinking, and travel arrangements. She is also fluent in English and has experience in coordinating customer-facing webinars and providing logistical support to visiting executives. Rachel is a highly trusted and organized individual who has successfully managed training classes and conferences for McAfee's New York City office and The Venetian in Las Vegas.
","[-0.03383021 -0.00840486 -0.00516082 ... -0.01612468 -0.0099396
  0.00115435]","[-0.01717722 -0.01722971 -0.00749945 ... -0.02540497 -0.01918495
 -0.00617081]","[-0.01456531  0.00648753  0.0026742  ... -0.03183078  0.00454679
 -0.01810927]","[-0.01903771 -0.01625867 -0.0072268  ... -0.01134341 -0.00300467
 -0.00358093]","[-0.00242363 -0.0029033   0.01630563 ... -0.03250355 -0.00032988
 -0.00532188]"
11,10816645.pdf,11,Group Fitness Coordinator,3.42,Bachelor's Degree,None mentioned,"Ability to design, develop, implement, and evaluate health and wellness programs; strong interpersonal skills; innovative in designing and carrying out projects; advanced understanding and experience with the wellness industry; maintain high level of organizational, communication and service oriented skills; basic understanding of fitness testing and evaluation concepts; expertise in Les Mills Bodypump program.","Experienced Group Fitness Coordinator with over 3 years of experience and a Bachelor's degree in Psychology and Government. Skilled in designing, implementing, and evaluating health and wellness programs, as well as educating members and community about health-related topics. Proficient in marketing and maintaining high levels of organizational, communication, and service-oriented skills. Knowledgeable in fitness testing and evaluation concepts and trained in CPR, First Aid, and AED. Fluent in English and proficient in Les Mills Bodypump.
","[-0.01695175 -0.00808595 -0.00807911 ... -0.0375155  -0.00778495
 -0.02100157]","[ 0.00896644 -0.01426537  0.01694645 ... -0.02622905 -0.00637073
 -0.01310188]","[-0.00992777 -0.00363211  0.02220969 ... -0.03597135 -0.02086446
 -0.01408452]","[-0.01415641  0.00165976 -0.00874442 ... -0.02434747 -0.00222163
 -0.02870031]","[-0.01347309 -0.00950575 -0.01417942 ... -0.04684224 -0.00290949
 -0.02644448]"
12,10818478.pdf,12,Retail Sales Consultant,5.25,High School Diploma,English,"Retail sales, customer service, team management, cash handling, communication, merchandising","This summary is for an experienced Retail Sales Consultant with a high school diploma and strong language and key skills. Express Scripts is the current employer, where the candidate has been since September 2015. They have experience in supervising a team, meeting sales goals, and providing excellent customer service. They have also received recognition as ""Employee of the Month"" and consistently received high ratings on performance reviews. Prior to Express Scripts, the candidate worked at Prime Communication and Radio Shack, where they demonstrated skills in sales, inventory management, and customer service. They have a high school diploma from Camden County High School and possess strong administrative, communication, and merchandising skills.
","[-0.01613364 -0.01789559  0.00615695 ... -0.01208379 -0.01973643
 -0.0051412 ]","[-0.02251769  0.01516682  0.00162456 ... -0.02268564  0.00654344
  0.00431169]","[ 0.01953975 -0.00426479  0.00223686 ... -0.01855812  0.00528621
 -0.02206015]","[-0.01423152 -0.02330489  0.00065487 ... -0.01776143 -0.01155922
 -0.02388906]","[-0.00999426 -0.00555602  0.00078245 ... -0.02919377 -0.02009373
  0.00159037]"
13,10820510.pdf,13,QA / QC Manager,21.0,ASNT Level III (Certificate # 245052),Not mentioned,"Microsoft Word, Excel, Weld Pro, Auto-Cad, WPQ's, WPS's, NDE training, ASME Level III procedures, construction management, quality control, crew management, welding (SMAW, FCAW, GMAW, and SAW), AWS Certified CWI, API Certified TES, API Certified 653.","Matt Halderman is a highly experienced QA/QC Manager with 21 years of experience in the Oil and Gas Industry. He specializes in repair/maintenance and new construction of above ground storage tanks and holds a CWI certification from AWS, as well as API certifications in TES and 653. He is also an ASNT Level III and possesses strong skills in API, Auto-Cad, Microsoft Word and Excel, and various welding techniques.
","[ 0.00357586 -0.01266261 -0.00833559 ...  0.00793404 -0.01766812
  0.00538975]","[-0.02034826 -0.00740771  0.00898759 ... -0.02813619  0.00063588
 -0.02571066]","[-0.01074091 -0.00379033  0.00434123 ... -0.03971762 -0.0204262
 -0.02937256]","[-0.01084065 -0.01863322 -0.00795808 ... -0.01488175 -0.02408113
  0.00540998]","[ 0.00265105 -0.01239636 -0.00250734 ... -0.01240988 -0.01977465
  0.00543735]"
15,10898339.pdf,15,"Sales Associate, Lawn Care Technician, Handyman",9.34,"High School Diploma (2011), Liberal Arts degree from Clackamas Community College (2013), Liberal Arts degree from Oakland Community College (2016)",None mentioned,"Customer service, communication, organization, lawn care techniques, landscaping, snow plowing, handyman services, power washing, painting, repairing","Experienced Sales Associate with over 7 years of maintenance work experience. Holds a high school diploma and has completed liberal arts courses at Clackamas Community College and Oakland Community College. Fluent in English and skilled in customer service, communication, and following instructions. Also has experience in lawn care and handyman services, including snow plowing, power washing, and painting. A dependable, hard worker with a strong work ethic and the ability to quickly learn and complete tasks with satisfaction.
","[-0.00780841  0.00289507  0.01589475 ... -0.01757555 -0.00551221
 -0.00286198]","[-0.00380662 -0.00632043  0.00895177 ... -0.04505266  0.00260848
 -0.00307044]","[-0.00992777 -0.00363211  0.02220969 ... -0.03597135 -0.02086446
 -0.01408452]","[-0.00130251  0.00792751  0.00174418 ... -0.00616085  0.00189355
 -0.02472048]","[-0.0117328  -0.00223702  0.01005009 ... -0.03534357  0.00673745
 -0.00816281]"
16,10909720.pdf,16,Master Teacher,10.66,Certified in Early Childhood Education,None mentioned,"Home schooling knowledge, Calm and patient, Strong communicator, Toddler and preschool curricula, Classroom management, Patience, Communication with children, Stress management, Early Childhood Education, Child Nutrition, Child Abuse Awareness, Emergency Preparedness, Behavior Management, Child Development, Positive reinforcement, Language development, Family style meals, Parent/teacher conferences, Personal profiles, Observation, Differentiated learning, Support, Field trips and Promoting student participation.","This is a Master Teacher with over 20 years of experience in early childhood education. They have a degree in Early Childhood Education and strong communication skills. They are also certified in Early Childhood Education and have experience with Head Start programs. Their key skills include home schooling knowledge, calm and patient demeanor, and expertise in toddler and preschool curricula, classroom management, and behavior management. They have also conducted parent-teacher conferences and implemented family-style meals.
2 years of experience as a teacher aide with a Bachelor's degree in Early Childhood Education. Fluent in English and knowledgeable in Spanish. Skilled in developing professional relationships with parents, teachers, directors, and therapists. Proven ability to maintain daily records of children's activities, establish a safe play environment, and distribute educational assessments to parents. 

Experienced teacher aide with 2 years of experience and a Bachelor's degree in Early Childhood Education. Fluent in English and knowledgeable in Spanish. Skilled in developing professional relationships, maintaining records, and creating a safe play environment for children. Organized field trips and distributed educational assessments to parents. Also has experience running a nursery and teaching Sunday school.
","[-0.01274156 -0.01199966 -0.01589972 ... -0.02340036 -0.0149196
 -0.00588752]","[ 0.00319152  0.00219007 -0.02134721 ... -0.01095516 -0.0100657
 -0.02370206]","[-0.00992777 -0.00363211  0.02220969 ... -0.03597135 -0.02086446
 -0.01408452]","[-0.00033061  0.01204033 -0.02194511 ... -0.0184732  -0.00240741
 -0.02658306]","[-0.00814887  0.00809697 -0.02347342 ... -0.02826152 -0.01589549
 -0.01375446]"
17,10945968.pdf,17,"Global IT Project Manager, IT Project Manager, Support Analyst, System Administrator",20.0,Not mentioned,Not mentioned,"Project management, Windows, Windows Office Suites, Citrix, Active Directory, JIRA, Trello, Service Now ITSM, Java development, UAT (User Acceptance Testing), data center transformation, IT infrastructure, IT hardware acquisition, system administration, support analysis.","IT Project Manager with over 20 years of experience in the Aviation Ground Handling sector. Holds a Bachelor's degree in Information Technology. Skilled in Windows, Windows Office Suites, Citrix, Active Directory, JIRA, Trello, and Service Now ITSM. Fluent in English and has experience managing global teams and collaborating with parent company's IT team. Experienced in gathering business knowledge and managing projects from development to deployment. Currently involved in a Data Centre transformation project and has previous experience managing IT infrastructure for new airport start-ups and company expansions.
The candidate is a Support Analyst and System Administrator with 12 years of experience. They hold a Bachelor of Science degree in Mathematics and have strong language skills in French. Their key skills include project management, IT technical support, network administration, and report development. They have experience working with various IT systems and have provided front line support to UK Cargo Terminals. In their free time, they enjoy playing golf and are a sports fan. They have a passion for English soccer, rugby, college football, and watching the Cubs. They also regularly work out at a gym.
","[-0.00500015 -0.01611634 -0.00379208 ... -0.02944128 -0.01142891
  0.02129095]","[-0.01074091 -0.00379033  0.00434123 ... -0.03971762 -0.0204262
 -0.02937256]","[-0.01074091 -0.00379033  0.00434123 ... -0.03971762 -0.0204262
 -0.02937256]","[ 0.01526001 -0.03046763 -0.01601974 ... -0.01738201 -0.00846178
  0.008691  ]","[-0.0070264  -0.01399967  0.00134235 ... -0.01957829 -0.00245393
  0.00130998]"
18,11152490.pdf,18,Deputy Principal,7.5,Certified Lean Six Sigma Black Belt,None mentioned,"Strategic planning, policy development, budget management, process evaluation, program development, grant management, building relationships, managing by influence, analytical skills, strategic thinking, problem-solving, leadership, communication, human resources, employee relations, customer service, tech savvy, proficient with Microsoft Office Suite and website development tools.","Experienced Deputy Principal with 6 years of experience and a Master's degree in education. Skilled in strategic planning, policy development, budget management, and program development. Fluent in English and proficient in Microsoft Office Suite and website development. Certified Lean Six Sigma Black Belt. Demonstrated success in building relationships, managing staff, and improving student learning outcomes. Strong leadership, communication, and problem-solving skills. Currently overseeing a campus of 371 students and 35 staff members, ensuring compliance with laws and policies, and maintaining positive community relationships. Previous experience includes coordinating district and campus progress, aligning accountability programs, and providing staff development and training.
The candidate is a Coordinator of College & Career Readiness with four years of experience and a Bachelor's degree. They are fluent in one language and have strong skills in project management, data analysis, and curriculum development. They regularly meet with campus leadership teams and directors to provide information on accountability systems and implement staff development activities. They are knowledgeable about state, district, and school regulations and policies and are responsible for maintaining and filing reports and documents. They also monitor the progress of improvement plans and attend campus leadership meetings. Additionally, they have experience as a Fraud Analyst, where they analyzed suspicious activity and recommended solutions to prevent future losses. They also maintained a working knowledge of fraud prevention software and completed database entries for suspicious activity reports.
The candidate has over 10 years of experience in various roles related to education and technical support. They hold a degree in a related field and are fluent in English and Spanish. Their key skills include planning, data analysis, and web design. They have experience in managing and evaluating educational programs and providing technical support for a variety of financial services.
This candidate is a highly experienced Human Resource Manager with 3 years of experience and a Bachelor's degree. They are fluent in English and have strong skills in recruiting, training, and employee relations. They have experience in managing human resource activities, conducting training programs, and maintaining employee benefits programs. They are also knowledgeable in legal compliance and maintaining human resource policies and procedures.
This individual has over 15 years of experience in human resources and holds a Master of Arts degree in Organizational Management. They are also fluent in English and have skills in Dreamweaver, Illustrator, Photoshop, Acrobat Pro, Final Cut Pro, and MS Office. They have completed various certifications, including Mid-Management Principal Certification, Master Certificate in Six Sigma, and Certificate of Achievement in Lean Six Sigma Black Belt. They have also completed a Teacher Certification and have a Bachelor of Science degree in Health Care & Business Administration.
","[ 0.00598851 -0.00077237 -0.01340063 ... -0.02999602 -0.01370139
  0.02268416]","[-0.01096053 -0.01023742 -0.00823546 ... -0.02437161 -0.00530618
 -0.01086679]","[-0.00992777 -0.00363211  0.02220969 ... -0.03597135 -0.02086446
 -0.01408452]","[-0.01588937 -0.02046167  0.00891093 ... -0.03602264 -0.01050239
 -0.01288959]","[ 0.00956347 -0.01111646 -0.01183322 ... -0.03575848 -0.01225133
 -0.00775829]"
19,11155153.pdf,19,Mechanical Designer,28.0,Not specified,Not specified,"3D modeling, BOM generation, weight distribution analysis, hydraulic components, troubleshooting, design improvement, source control, manifold design, dust control system design, 3D parametric modeling, tube and pipe design.","Experienced Mechanical Designer with over 28 years of experience and a strong understanding of hydraulic components. Holds a degree in design engineering and is proficient in Creo Parametric, Windchill, and Autodesk Inventor 2015. Skilled in 3D modeling, weight distribution analysis, and troubleshooting hydraulic circuits. Has a proven track record of implementing cost-saving designs and improving equipment performance. Fluent in English and able to work independently or in a team environment.
Highly experienced Planning Engineer with over 10 years of experience in the aviation industry. Holds a Bachelor's degree in Engineering and is fluent in English and Spanish. Skilled in model generation and manipulation using Autodesk Inventor Pro and Vault Professional. Capable of conducting weight distribution analysis and presenting findings to defend assumptions. Proficient in creating 3D models for stress analysis and interpreting results to make adjustments. Knowledgeable in material selection and component interface. Experienced in vendor/purchasing Q&A and customer interaction. Previous roles include Planning Engineer at Applied Aerodynamics Inc. and Senior Manufacturing Planner at AeroParts Manufacturing and Repair.
Experienced Senior Manufacturing Planner with 2 years of experience and a Bachelor's degree. Skilled in contracts, customer service, engineering, and purchasing. Proficient in English and knowledgeable in process improvements. Responsible for creating and reviewing job folders and developing manufacturing plans to meet customer requirements. Also responsible for providing technical and estimating support for production orders and repair station planning. Experienced in designing electro-mechanical assemblies for military and commercial applications using SolidWorks.
Experienced Senior Mechanical Designer with over 20 years of experience in the aerospace and nuclear industries. Holds a degree in mechanical engineering and is proficient in AutoCAD-R14 and R12. Skilled in electro-mechanical packaging, data acquisition electronics, and instrumentation design. Fluent in ANSI Y14.5M-1982 and ASMEY14.5-1994 requirements and has experience with DOD-STD-100C and MIL-STD-100E standards. Experienced in presenting design proposals to management and customers. Specializes in design and documentation of projects related to remote handling of transuranic radioactive waste.
This resume belongs to a Senior Mechanical Designer with 6 years of experience and an Associate's degree in Drafting Technology. They are skilled in mechanical engineering, aerospace design, and electro-mechanical packaging, and have experience with AutoCAD-R12, DOD-STD-100C, MIL-STD-100E, and corporate standards. They have completed hydraulics training and hold a Private Pilot's license. They are also certified in Pro/Engineer and have experience with FEA and material selection. This candidate has strong communication and leadership skills, and has provided technical assistance to internal engineering teams.
This candidate has over 30 years of experience as a Mechanical Designer, with a Bachelor's degree in Mechanical Engineering. They are proficient in English and have experience with customer interaction, 3D modeling, and hydraulic troubleshooting. They are highly skilled in computer programs such as Microsoft Suites, Autodesk Inventor Pro, and Pro/Engineer, and have received honors and awards for their academic achievements and work performance.
","[-0.02017128  0.00011327 -0.01680037 ... -0.00505974 -0.00643044
 -0.00675535]","[-0.01709369 -0.01718552 -0.00749079 ... -0.02539784 -0.01923204
 -0.00610348]","[-0.01709369 -0.01718552 -0.00749079 ... -0.02539784 -0.01923204
 -0.00610348]","[-0.01957602 -0.00178904 -0.01800235 ...  0.00546718 -0.01882988
  0.00310327]","[-0.03037421 -0.01506783 -0.02205178 ... -0.01099939 -0.00982656
 -0.00410489]"
21,11188218.pdf,21,Customer Advocate,7.5,"Formally educated in illustration, photography, and basic graphic design",None mentioned,"Outstanding customer service, technologically savvy, call center experience, secretary skills, loyalty and dedication to company mission, Microsoft Office Suite, Peachtree Accounting, schedule management, telephone skills, travel booking, minute taking, critical thinking, creative problem solving, cellular expert, troubleshooting smartphones and network connections, Payroll assistance.","This customer advocate has eight years of experience and a high school diploma. They are proficient in Microsoft Office Suite, Peachtree Accounting, and have expertise in cellular technology and troubleshooting. They have experience in a call center environment and are skilled in customer service and multitasking. They have also assisted with payroll and have experience in research and process improvement. Their professional experience includes answering high-volume calls, actively listening to clients, and providing individualized solutions. They are able to maintain professional and personable conversations with customers while updating account information.
With over 15 years of experience as an administrative assistant and customer service representative, I have a Bachelor's degree in Fine Art and Biology and am fluent in English. My skills include office and accounting tasks such as accounts payable, accounts receivable, and payroll, as well as providing excellent customer service and executive administrative assistance. I have also demonstrated strong problem-solving and critical thinking abilities in my previous roles.
This candidate has over 5 years of experience in network and wireless device troubleshooting. They hold a degree in a related field and are proficient in multiple languages. Their key skills include network and wireless troubleshooting.
","[-0.00251142 -0.00833993  0.00504644 ...  0.00473967 -0.0103221
 -0.01491345]","[ 0.00446071 -0.01085352 -0.01099616 ... -0.01177419 -0.00094985
 -0.03176957]","[-0.00992777 -0.00363211  0.02220969 ... -0.03597135 -0.02086446
 -0.01408452]","[-0.00652405 -0.02235077  0.00451951 ... -0.01411628 -0.01196638
  0.00040374]","[-0.01206722 -0.00146526  0.00236632 ... -0.02862149 -0.00792534
  0.00218876]"
22,11257723.pdf,22,"General Liability Claims Representative, Auto Claims Unit Manager, Automobile Liability Claims Representative, Senior General Liability Claims Representative",12.0,B.S. in Journalism,None mentioned,"Claims file management processes, litigation resolution, strong interpersonal and communication skills, self-directed, team player, critical thinker, coverage analysis, customer service, presentations, litigation management, claim investigations, time management.","This resume outlines the experience and skills of a General Liability Claim Representative with several years of experience in the insurance industry. The candidate has a strong background in claims file management, litigation resolution, and communication skills. They have a Bachelor's degree and are fluent in English. They have successfully managed litigated claims and have been recognized for their outstanding customer service. They have also held positions as an Auto Claims Unit Manager, Automobile Liability Claims Representative, and Senior General Liability Claims Representative.
This resume belongs to a Counsel with a B.S. in Journalism from Southern Illinois University and several years of experience. They have strong skills in coverage analysis, customer service, presentations, litigation management, claim investigations, and time management.
","[-0.01298567 -0.0150388  -0.00379893 ... -0.02449362 -0.03332074
  0.01188719]","[-0.01446075  0.0045959   0.01694779 ... -0.02820358 -0.00306073
 -0.01251854]","[-0.00992777 -0.00363211  0.02220969 ... -0.03597135 -0.02086446
 -0.01408452]","[-0.01089912  0.00304437  0.00224704 ... -0.0236565  -0.00488286
 -0.02120518]","[-0.00580985 -0.01266038  0.00583968 ... -0.04960747 -0.01882486
 -0.00810662]"
24,11360471.pdf,24,Material and Tooling Control Lead,6.5,Certified forklift operator,None mentioned,"Manufacturing management, electrician, forklift operation, blueprint reading, communication, production supervision, safety training, troubleshooting, equipment operation","20/20 vision, memory improvement and relaxation techniques.

This is a resume for a Material and Tooling Control Lead with 8 years of experience. The candidate has a high school diploma, and is proficient in blueprint reading and has strong communication skills. They have experience operating heavy duty construction equipment, including forklifts, and have worked as a bale inspector, chef, electrician apprentice, and co-owner/martial arts instructor. They have experience in implementing workplace policies and procedures, troubleshooting equipment, and maintaining a safe and clean environment.
This candidate is an experienced Electrical Forman with 9 years of experience and a High School Diploma. They are proficient in operating heavy machinery and have management experience for up to 20 people. They also have strong language skills and are able to communicate effectively with project teams. Their key skills include interpreting schematics, resolving complex electrical problems, and providing excellent customer service. They hold an Electricians License from the Northeast Florida Builders Association.
","[-0.01312887 -0.02484978 -0.01558917 ...  0.02230964 -0.01129271
  0.00338927]","[ 0.00701059 -0.02475636 -0.02300207 ...  0.00206521 -0.00868633
 -0.01247637]","[-0.00992777 -0.00363211  0.02220969 ... -0.03597135 -0.02086446
 -0.01408452]","[-0.00991325 -0.01689609 -0.00814444 ...  0.00797944 -0.00455733
  0.00597633]","[-0.01278886 -0.00431163  0.02005604 ...  0.00094056 -0.00936737
 -0.00660305]"
25,11409460.pdf,25,"Buyer/Planner, Logistics Analyst, Warehouse Executive",9.0,Bachelor of Science in Petroleum Engineering,"English, Portuguese, Spanish (trilingual)","Solid Works, CAD, Matlab, MS Office, ERP, forecasting, leadership, logistics, materials, personnel management, pricing, procurement, production management, qualitative research, quality control, supply chain, team-oriented, fast learner","5 years of experience, Bachelor of Science in Petroleum Engineering, trilingual individual

This candidate is a highly skilled Buyer/Planner with 5 years of experience and a Bachelor of Science in Petroleum Engineering from Texas A&M University. They are fluent in English, Portuguese, and Spanish and possess strong skills in Solid Works, CAD, Matlab, MS Office, and process implementation. In their current role, they plan and execute forecasting strategies, negotiate with suppliers, and work closely with cross-functional teams. They also have experience as a Logistics Analyst and Warehouse Executive, where they managed inventory, coordinated shipping orders, and ensured efficient warehouse operations. This candidate is a fast learner and is seeking an internship or full-time position in a team-oriented environment to continue utilizing their
This candidate has over 10 years of experience in the field of Supply Chain, with a focus on specification, strategy, and planning. They hold a high level of education and possess strong language skills. Their key skills include expertise in supply chain management and strategic planning.
","[-0.00813357 -0.01827008  0.00045844 ... -0.0205437  -0.00263732
  0.01395293]","[-0.00142017 -0.01565457  0.01438493 ... -0.022474   -0.00157233
  0.00083934]","[-0.01928183  0.0143157   0.02677738 ... -0.01771916  0.00120843
 -0.01775889]","[-0.01596947 -0.00441227 -0.01237034 ... -0.0125103  -0.00705829
 -0.01109065]","[-0.02688064 -0.00785711  0.00798569 ... -0.00982646 -0.00532605
  0.00251075]"
26,11522068.pdf,26,Group Fitness Instructor,0.25,high school diploma,basic Spanish,"coaching, leadership, communication, planning, organizational skills, time management","Experienced Training and Development professional with strong leadership and relationship-building skills seeking a position as a Group Fitness Instructor. With 8 weeks of training in fitness classes and previous experience as an Assistant at an after school program, I have strong communication, planning, and organizational skills. I am fluent in English and have basic proficiency in Spanish. My key skills include team building, team leadership, time management, coaching, and teaching. I hold a high school diploma with a GPA of 3.98 and am currently a full-time student at Collin College.
","[-0.02366563 -0.00591978 -0.01700799 ... -0.04301861  0.0005374
 -0.01357135]","[-0.02297424  0.01006863  0.00036871 ... -0.02192695  0.00792101
 -0.00041718]","[-0.01946579  0.01046797  0.01824067 ... -0.01553179 -0.00668371
 -0.0090863 ]","[-0.01791406 -0.01248594 -0.00843051 ... -0.02010787  0.00326878
 -0.01791406]","[-0.02890187 -0.00281211 -0.01838127 ... -0.02565967  0.00521398
 -0.02360849]"
27,11555549.pdf,27,"Visual Arts Specialist, Student Teacher, Visual Arts Teacher",11.0,"Master's degree in Education, Bachelor's of Arts in Art Education, Bachelor's of Fine Arts in Painting, Associate's of Arts in Graphic Design",None mentioned,"Adobe Creative Cloud (Illustrator, InDesign, Photoshop, Muse), Microsoft Office (Word, Excel, PowerPoint), WordPress, iMovie, teaching and assessing based on National and Ohio Visual Arts standards, displaying and exhibiting student artwork, participating in art competitions and exhibitions, facilitating student art workshops, managing art classroom website.","2006, 2007, 2008, 2009, 2010, 2011

This resume highlights the experience and skills of a Visual Arts Specialist with 11 years of experience in elementary art education. The candidate holds a Masters in Education and has a strong command of Adobe Creative Cloud, Microsoft Office, WordPress, and iMovie. They also possess Ohio Teaching Licensure and are proficient in the Spanish language. The candidate has demonstrated the ability to individualize instruction and assess student artwork based on criteria. They have experience planning and installing student exhibits and participating in various art competitions and exhibitions. The candidate is also involved in professional development through SWOAEA Art Workshops.
This candidate is an experienced art teacher with a Master's degree in Art. They have strong skills in Adobe programs, drawing, and sculpture. They have participated in numerous art exhibitions and have received awards for their work. They are also a member of several art education associations and have presented at conferences. They are fluent in English and have additional language skills.
","[-0.02232    -0.00889261 -0.00212813 ... -0.01665809 -0.00614685
 -0.00982971]","[ 0.00851468 -0.00182139  0.00620292 ... -0.04177734 -0.00226718
 -0.013463  ]","[-0.00992777 -0.00363211  0.02220969 ... -0.03597135 -0.02086446
 -0.01408452]","[ 0.00307505 -0.00631921 -0.01743232 ... -0.01813481 -0.00145866
 -0.03718027]","[-0.00409911 -0.00422142 -0.0301747  ... -0.03001603 -0.01125271
 -0.02335168]"
28,12491898.pdf,28,Construction Laborer,,Not specified,Not specified,"Construction, labor, equal opportunity, opportunity, applicants, employees, race, color, gender, age, religion, national origin, disability, marital status, veteran status, sexual orientation, genetic information, protected by law, employment terms, conditions, hiring, training, promotions, discipline, transfers, leave of absence, termination of employment, human resources, assistance with completing application, write or print, sections of application, attach resume, start date, requested salary, age requirement, authorized to work in the US, sponsorship for work visa required, training, qualifications, knowledge of software packages and computer systems, basic, intermediate, expert, training, degree or diploma, primary school, secondary school, university, other titles or certificates, relevant professional affiliations, work experience, volunteer experience, previous names used, job title, salary, dates, organization name, supervisor's name, supervisor's contact information, reason for leaving.","Experienced Construction Laborer with a strong work history and 18+ years of experience. Holds a high school diploma and is fluent in English. Possesses a variety of skills, including knowledge of relevant software and computer systems. Highly recommended by previous employer and learned of the job opportunity through a company website.
Nombre del Puesto: N/A
Aos de experiencia: N/A
Nivel de educacin: N/A
Idiomas: N/A
Habilidades clave: N/A
free. You are entitled to a free file disclosure if: report to deny your application for credit, insurance, or employment  or to take another adverse action against you  must tell you, and must give you the name, address, and phone number of the agency that provided the information.

This resume is for a job at Dragados USA, with a willingness to work ""at will."" The candidate has agreed to comply with all employment policies and codes of ethics. The job offer is contingent upon successful completion of the company's employee selection process, including background and reference checks and a pre-employment physical exam. The candidate has the right to request a free file disclosure if their credit report is used against them. The job is good for only
This individual has several years of experience and a high level of education in the consumer reporting agency field. They are proficient in language skills and have key skills including providing accurate information, obtaining consent for reports, and handling fraudulent cases. They are knowledgeable about the Fair Credit Reporting Act and the rights of consumers, including the right to request a free file disclosure and credit score. They are also aware of the rights of identity theft victims and active duty military personnel.
[Job Title], with [Number] years of experience, holds a [Highest level of education] and is fluent in [Language skills]. Skilled in compliance management, credit, DC, mail, office, word, and reporting, [Job Title] is a responsible and enthusiastic professional with demonstrated strengths in multi-area management, quality assurance, and service. They are experienced in directing patient care programs and are knowledgeable about healthcare management, hospital practices, and regulatory compliance. [Job Title] is also a compassionate certified nursing assistant with strong organizational skills, team leadership abilities, and problem-solving capabilities. They have experience in claims processing, process improvements, strategic planning, and documentation, and are proficient in multitasking and interdepartmental collaboration.
The candidate is a Supply Chain Specialist with 4 years of experience. They have a high school diploma and a CNA certification from Houston Community College. They are fluent in English and have skills in analysis, project management, team supervision, customer satisfaction, performance evaluation, cross-functional collaboration, revenue generation, policy development, staff training, and profit increase. They have also completed various certifications in heavy equipment operation, OSHA, NCCER, construction site safety, and introductory craft skills. They are also licensed/certified as a Home Health Aide and Certified Nurses Aide.
","[-0.0050294  -0.00820622 -0.00598245 ... -0.03250386 -0.00055385
  0.0193953 ]","[-0.01715166 -0.01719103 -0.00748663 ... -0.02544535 -0.01913323
 -0.00620058]","[-0.01709369 -0.01718552 -0.00749079 ... -0.02539784 -0.01923204
 -0.00610348]","[-0.01842141 -0.01630446 -0.00768545 ... -0.01241243 -0.00290752
 -0.00141103]","[-0.02269366 -0.01898142 -0.00289624 ... -0.03376032 -0.00518312
  0.00630029]"
29,translated_12491898.txt,29,Construction laborer,,Not specified,Not specified,"Construction, manual labor, technical skills","Experienced construction laborer with a strong skillset and a commitment to equal opportunity. 2 years of experience and a high school diploma. Proficient in various software packages and computer systems. Fluent in English and Spanish. Previous work experience and volunteer work listed on resume. References available upon request.
This resume belongs to a candidate with years of experience in the construction industry. They have a Bachelor's degree and are fluent in English and Spanish. Their key skills include project management, budgeting, and team leadership. They have worked with Almeda-Genoa Constructors and are familiar with their employment policies and codes of ethics. They have no criminal record that would affect their eligibility for employment. The candidate certifies that all information provided is accurate and understands that employment at Dragados USA is at-will.
The applicant has experience working at Dragados USA and is seeking employment at Almeda-Genoa Constructors. They have a Bachelor's degree and are fluent in Spanish. Their key skills include compliance with employment policies and codes of ethics, as well as the ability to successfully complete employee selection processes. They are also aware of their rights under the Fair Credit Reporting Act.
cases, you may have more rights under state scores used in residential real property loans, but you will have to laws.

This individual has several years of experience in consumer reporting and is seeking a position in credit, insurance, or employment. They have a high level of education and are fluent in English. Their key skills include providing information to those with a valid need, obtaining consent for reports to be provided, and seeking damages from violators. They are entitled to a free disclosure of their file every 12 months and have the right to ask for a credit score. They also have additional rights as an identity theft victim or active duty military personnel.
Experienced and highly motivated Compliance Manager with [Number] years of experience in healthcare management and regulatory compliance. Holds a [Highest level of education] degree and is fluent in [Language skills]. Skilled in team leadership, problem solving, and process improvements. Proven track record of success in overseeing multiple areas without sacrificing quality or service. Passionate patient advocate and Certified Nursing Assistant with expertise in patient care programs and administration. Strong organizational and communication skills. Previous experience as a Construction Laborer, demonstrating ability to take on additional responsibilities and work extended hours to meet project deadlines.
The candidate has over 4 years of experience as a Supply Chain Specialist and has a high school diploma from Lamar High School and a CNA certification from Houston Community College. They are fluent in English and have skills in conducting analysis, project management, team supervision, customer service, and policy development. They also have certifications in heavy equipment operation, OSHA, NCCER, construction site safety, and introductory craft skills. They have experience as a Patient Care Assistant and have skills in team collaboration, confidentiality, care planning, and utilizing community resources. They also have certifications as a Licensed/Certified Home Health Aide and a Certified Nurses Aide.
","[-0.00693436 -0.01186766 -0.00316339 ... -0.02971869  0.00185742
  0.01715759]","[-0.01709369 -0.01718552 -0.00749079 ... -0.02539784 -0.01923204
 -0.00610348]","[-0.01709369 -0.01718552 -0.00749079 ... -0.02539784 -0.01923204
 -0.00610348]","[ 0.00378679 -0.01434995  0.00217765 ... -0.0228057  -0.00610984
  0.00777616]","[-0.01902652 -0.02366579 -0.01366927 ... -0.04106304 -0.00697961
  0.01674831]"
